{
  "project_info": {
    "project_number": "792750372880",
    "firebase_url": "https://mychatapp-5160f.firebaseio.com",
    "project_id": "mychatapp-5160f",
    "storage_bucket": "mychatapp-5160f.appspot.com"
  },
  "client": [
    {
      "client_info": {
        "mobilesdk_app_id": "1:792750372880:android:bf28db183c03be37",
        "android_client_info": {
          "package_name": "com.example.MessCul"
        }
      },
      "oauth_client": [
        {
          "client_id": "792750372880-m2sh9gpndn5albb2riib5245j4ao261j.apps.googleusercontent.com",
          "client_type": 1,
          "android_info": {
            "package_name": "com.example.MessCul",
            "certificate_hash": "53301d731402f0838ae781fd2613f7412fae2e98"
          }
        },
        {
          "client_id": "792750372880-e6bsnmt6efdca7rt03kkln2f1q7rr5m8.apps.googleusercontent.com",
          "client_type": 3
        }
      ],
      "api_key": [
        {
          "current_key": "AIzaSyDeU6c5wF9afdFetrHqUJI8e6DuBJbR93k"
        }
      ],
      "services": {
        "appinvite_service": {
          "other_platform_oauth_client": [
            {
              "client_id": "792750372880-e6bsnmt6efdca7rt03kkln2f1q7rr5m8.apps.googleusercontent.com",
              "client_type": 3
            }
          ]
        }
      }
    }
  ],
  "configuration_version": "1"
}